track,direction,frame,pol,lon,lat,bbox
53,A,44,NASV,56.394,76.432,50.10 75.01 61.05 77.54
53,A,45,NASV,46.21,76.817,38.80 75.36 51.51 77.60
53,D,46,NASV,35.746,76.673,29.51 75.04 40.19 77.54
53,D,47,NASV,27.496,76.239,21.89 74.53 32.15 77.18
54,A,42,NASV,46.25,75.259,39.89 73.76 50.74 76.59
54,A,43,NASV,39.138,75.966,33.18 74.51 43.44 77.17
54,A,44,NASV,31.293,76.441,25.14 75.03 35.84 77.54
54,A,45,NASV,21.262,76.816,13.86 75.36 26.56 77.60
57,A,20,DHDH,26.354,36.45,24.25 35.21 27.73 37.99
57,A,21,DHDH,25.576,38.436,23.41 37.19 27.00 39.98
57,A,22,DHDH,24.753,40.415,22.51 39.16 26.22 41.96
67,D,119,NASV,-49.837,-61.05,-52.26 -62.58 -46.84 -60.03
67,D,120,NASV,-50.651,-63.095,-53.27 -64.63 -47.44 -62.07
67,D,121,NASV,-51.551,-65.136,-54.40 -66.68 -48.09 -64.11
67,D,122,NASV,-52.57,-67.196,-55.72 -68.78 -48.80 -66.15
67,D,123,NASV,-53.768,-69.309,-57.32 -70.94 -49.61 -68.23
67,D,124,NASV,-55.104,-71.333,-58.94 -72.81 -50.56 -70.36
69,D,64,DHDH,-69.963,48.679,-71.93 46.95 -67.52 49.84
69,D,65,DHDH,-71.041,46.733,-72.93 45.02 -68.69 47.89
69,D,66,DHDH,-72.047,44.778,-73.85 43.07 -69.78 45.92
69,D,69,DHDH,-74.745,38.901,-76.34 37.26 -72.72 40.00
69,D,70,DHDH,-75.518,36.952,-77.07 35.28 -73.54 38.07
69,D,71,DHDH,-76.265,34.963,-77.77 33.30 -74.35 36.08
69,D,73,NADV,-77.621,30.988,-79.00 29.39 -75.86 32.06
69,D,74,NADV,-78.262,29.022,-79.62 27.39 -76.54 30.11
71,D,70,NADV,-125.427,36.897,-126.94 35.24 -123.52 38.01
71,D,71,NADV,-126.166,34.932,-127.62 33.32 -124.32 36.01
75,A,140,NASV,-54.653,-75.989,-60.94 -77.16 -50.07 -74.55
81,D,119,NASV,-39.444,-61.054,-41.89 -62.59 -36.42 -60.03
81,D,120,NASV,-40.26,-63.099,-42.90 -64.64 -37.02 -62.08
81,D,121,NASV,-41.16,-65.141,-44.03 -66.69 -37.67 -64.12
81,D,122,NASV,-42.181,-67.201,-45.36 -68.79 -38.38 -66.15
81,D,123,NASV,-43.38,-69.313,-46.96 -70.95 -39.19 -68.23
81,D,124,NASV,-44.771,-71.406,-48.76 -72.99 -40.13 -70.36
81,D,125,NASV,-46.399,-73.444,-51.01 -75.08 -41.17 -72.37
82,A,44,NASV,52.011,76.443,45.87 75.03 56.55 77.53
82,A,45,NASV,41.977,76.814,34.57 75.36 47.27 77.60
82,D,46,NASV,31.517,76.667,25.28 75.03 35.96 77.54
82,D,47,NASV,23.274,76.231,17.68 74.52 27.92 77.17
84,D,73,DHDH,-92.25,30.965,-93.65 29.39 -90.45 32.02
85,A,20,DHDH,47.167,36.476,45.06 35.24 48.54 38.01
85,A,22,DHDH,45.607,40.334,43.27 38.99 47.15 41.99
85,A,23,DHDH,44.695,42.412,42.31 41.13 46.25 43.98
85,A,24,DHDH,43.747,44.45,41.22 43.09 45.40 46.12
85,D,69,DHDH,-114.289,38.884,-115.89 37.21 -112.26 40.01
85,D,70,DHDH,-115.069,36.924,-116.61 35.29 -113.11 38.02
87,D,56,DHDH,-146.171,63.733,-149.14 62.09 -142.67 64.85
87,D,57,DHDH,-148.258,62.115,-151.31 60.27 -144.74 63.37
87,D,58,DHDH,-150.401,60.247,-153.22 58.42 -147.10 61.49
87,D,59,DHDH,-152.308,58.347,-154.93 56.53 -149.19 59.57
87,D,60,DHDH,-154.021,56.422,-156.48 54.62 -151.08 57.64
89,A,140,NASV,-44.075,-75.939,-50.58 -77.15 -39.32 -74.46
89,A,141,NASV,-46.208,-73.896,-51.89 -75.12 -42.08 -72.36
89,A,142,NASV,-47.956,-71.816,-52.92 -72.97 -44.39 -70.35
89,A,143,NASV,-49.369,-69.771,-53.84 -70.93 -46.17 -68.28
89,A,144,NASV,-50.596,-67.683,-54.65 -68.83 -47.71 -66.19
89,A,145,NASV,-51.656,-65.613,-55.36 -66.73 -49.04 -64.16
89,A,146,NASV,-52.589,-63.55,-56.02 -64.68 -50.17 -62.06
89,A,147,NASV,-53.437,-61.47,-56.62 -62.57 -51.21 -60.02
92,A,32,DHDH,-141.984,59.818,-145.66 58.40 -139.56 61.44
92,A,33,DHDH,-144.077,61.691,-148.02 60.26 -141.52 63.34
93,D,101,DHDH,29.834,-24.83,28.60 -26.29 31.44 -23.86
93,D,102,DHDH,29.429,-26.779,28.16 -28.30 31.08 -25.76
96,D,122,NASV,-56.674,-67.219,-59.75 -68.80 -53.01 -66.17
97,A,38,NASV,75.208,70.353,69.37 68.78 79.09 72.05
97,A,39,NASV,70.185,71.935,64.06 70.37 74.31 73.55
97,A,40,NASV,64.56,73.307,58.15 71.75 68.93 74.85
97,A,41,NASV,58.648,74.419,52.68 72.94 62.78 75.78
97,A,42,NASV,52.409,75.278,46.04 73.77 56.91 76.62
97,A,43,NASV,45.383,75.977,39.55 74.52 49.59 77.17
97,A,44,NASV,37.578,76.446,31.28 75.02 42.24 77.55
97,A,45,NASV,27.382,76.826,19.96 75.36 32.68 77.61
98,A,43,NASV,20.331,75.971,14.38 74.52 24.63 77.17
99,D,65,DHDH,-100.27,46.751,-102.19 45.02 -97.86 47.91
99,D,66,DHDH,-101.268,44.794,-103.10 43.08 -98.95 45.95
99,D,67,DHDH,-102.201,42.828,-103.96 41.12 -99.97 43.98
99,D,68,DHDH,-103.076,40.855,-104.77 39.16 -100.92 42.00
99,D,69,DHDH,-103.889,38.898,-105.49 37.24 -101.82 40.01
99,D,70,DHDH,-104.658,36.949,-106.24 35.27 -102.64 38.07
99,D,71,DHDH,-105.411,34.961,-106.95 33.29 -103.44 36.08
99,D,72,DHDH,-106.126,32.967,-107.62 31.30 -104.21 34.09
99,D,73,DHDH,-106.794,30.992,-108.23 29.37 -104.93 32.08
99,D,74,DHDH,-107.433,29.025,-108.86 27.37 -105.60 30.13
99,D,75,DHDH,-108.07,27.023,-109.48 25.37 -106.27 28.13
99,D,76,DHDH,-108.672,25.04,-110.03 23.43 -106.90 26.12
101,D,122,NASV,179.691,-67.389,175.36 -68.78 182.20 -66.20
101,D,123,NASV,178.923,-69.493,173.78 -70.94 181.42 -68.23
101,D,124,NASV,178.169,-71.681,172.00 -72.98 180.47 -70.36
101,D,125,NASV,174.301,-73.438,169.77 -75.07 179.44 -72.37
101,D,126,NASV,172.307,-75.474,167.04 -77.10 178.16 -74.41
102,A,39,NASV,-54.76,71.955,-60.89 70.40 -50.65 73.57
102,A,40,NASV,-60.306,73.318,-66.62 71.77 -55.99 74.84
102,A,41,NASV,-66.195,74.42,-72.29 72.92 -61.97 75.80
102,A,42,NASV,-72.468,75.288,-78.72 73.79 -68.05 76.61
102,A,43,NASV,-79.462,75.977,-85.44 74.51 -75.14 77.19
102,A,44,NASV,-87.736,76.458,-94.44 75.02 -82.76 77.58
105,A,20,DHDH,-92.277,36.506,-94.42 35.28 -90.87 38.02
105,A,21,DHDH,-93.044,38.455,-95.27 37.19 -91.59 40.01
105,A,22,DHDH,-93.865,40.435,-96.17 39.16 -92.36 41.99
105,A,23,DHDH,-94.737,42.407,-97.12 41.13 -93.18 43.97
105,A,24,DHDH,-95.664,44.373,-98.14 43.08 -94.04 45.94
105,A,25,DHDH,-96.653,46.33,-99.24 45.03 -94.97 47.90
105,A,26,DHDH,-97.713,48.278,-100.42 46.96 -95.95 49.86
105,A,27,DHDH,-98.854,50.217,-101.68 48.88 -97.01 51.80
105,A,28,DHDH,-100.105,52.165,-103.10 50.80 -98.16 53.79
105,A,29,DHDH,-101.509,54.155,-104.70 52.75 -99.44 55.82
108,D,68,DHDH,32.243,40.868,30.60 39.19 34.33 42.00
108,D,69,DHDH,31.413,38.89,29.82 37.22 33.43 40.01
108,D,70,DHDH,30.658,37.0,29.16 35.48 32.58 38.02
109,A,140,NASV,176.103,-76.188,169.98 -77.11 181.14 -74.43
109,A,141,NASV,174.323,-73.883,168.70 -75.08 178.40 -72.38
109,A,142,NASV,172.603,-71.837,167.66 -72.99 176.16 -70.37
109,A,143,NASV,171.186,-69.769,166.73 -70.95 174.38 -68.24
109,A,144,NASV,169.951,-67.669,165.94 -68.79 172.80 -66.22
109,A,145,NASV,168.902,-65.61,165.21 -66.74 171.51 -64.12
